{"places":["p1","p2","p3","p4","p5","p6","p7","p8","p9","p10","p11","p12","p13","p14","p15","p16","p17","p18"],"transitions":["t1","t2","t3","t4","t5","t6","t7","t8"],"arcs":{"p2,t1":1,"p3,t1":1,"p4,t2":1,"p5,t2":1,"t2,p8":1,"t2,p9":1,"t1,p10":1,"p10,t3":1,"p8,t3":1,"t3,p11":1,"p11,t3":1,"t3,p12":1,"t3,p13":1,"p11,t4":1,"t4,p14":1,"p14,t5":1,"t5,p15":1,"p15,t6":1,"p12,t6":1,"t6,p16":1,"t6,p17":1,"p13,t7":1,"t7,p18":1,"p1,t4":1,"p17,t8":1,"p18,t8":1,"p9,t8":1,"p6,t7":1,"p7,t7":1},"actions":[],"labels":{},"marking":{},"layout":{"p1":{"x":623.0000000000001,"y":71.48750000000001},"p2":{"x":627.2000000000002,"y":187.30000000000007},"p3":{"x":625.6000000000003,"y":320.1000000000001},"p4":{"x":635.2000000000002,"y":459.3000000000001},"p5":{"x":638.4000000000002,"y":590.5000000000002},"p6":{"x":648.0000000000002,"y":761.7000000000003},"p7":{"x":664.0000000000002,"y":907.3000000000003},"p8":{"x":966.4000000000003,"y":438.50000000000017},"p9":{"x":971.2000000000003,"y":569.7000000000002},"p10":{"x":952.0000000000003,"y":240.10000000000008},"p11":{"x":1238.4000000000005,"y":147.30000000000004},"p12":{"x":1248.0000000000005,"y":244.9000000000001},"p13":{"x":1252.8000000000002,"y":348.9000000000001},"p14":{"x":1553.6000000000004,"y":142.50000000000006},"p15":{"x":1819.2000000000007,"y":147.30000000000004},"p16":{"x":2104.000000000001,"y":152.10000000000005},"p17":{"x":2113.600000000001,"y":260.9000000000001},"p18":{"x":1816.0000000000005,"y":347.3000000000001},"t1":{"x":784.0000000000002,"y":244.9000000000001},"t2":{"x":804.8000000000003,"y":513.7000000000002},"t3":{"x":1136.0000000000005,"y":236.9000000000001},"t4":{"x":1409.6000000000004,"y":147.30000000000004},"t5":{"x":1684.8000000000006,"y":144.10000000000005},"t6":{"x":1964.8000000000006,"y":254.50000000000009},"t7":{"x":1691.2000000000007,"y":350.5000000000001},"t8":{"x":2286.4,"y":366.50000000000006},"p1,t4":[{"x":1396.8000000000004,"y":33.70000000000002}],"p9,t8":[{"x":2148.8,"y":505.7000000000001}],"p7,t7":[{"x":1652.8,"y":680.1000000000001}]}}