{"places":["p1","p2","p3","p4","p5","p6","p7","p8","p9","p10","p11","p12","p13","p14","p15","p16","p17","p18"],"transitions":["t1","t2","t3","t4","t5","t6","t7","t8"],"arcs":{"p1,t4":1,"p2,t1":1,"p3,t1":1,"p4,t2":1,"p5,t2":1,"t2,p10":1,"t2,p9":1,"t1,p8":1,"p8,t3":1,"p9,t3":1,"t3,p11":1,"t3,p12":1,"t3,p13":1,"p10,t7":1,"p13,t7":1,"t7,p16":1,"p12,t6":1,"p11,t4":1,"t4,p14":1,"p14,t5":1,"t5,p15":1,"p15,t6":1,"t6,p17":1,"t6,p18":1,"p18,t8":1,"p16,t8":1,"p6,t7":1,"p7,t8":1},"actions":[],"labels":{"p1":"p1","p2":"p2","p3":"p3","p4":"p4","p5":"p5","p6":"p6","p7":"p7","p8":"p8","p9":"p9","p10":"p10","p11":"p11","p12":"p12","p13":"p13","p14":"p14","p15":"p15","p16":"p16","p17":"p17","p18":"p18","t1":"t1","t2":"t2","t3":"t3","t4":"t4","t5":"t5","t6":"t6","t7":"t7","t8":"t8"},"marking":{},"layout":{"p1":{"x":127,"y":145.0625},"p2":{"x":124,"y":264.0625},"p3":{"x":133,"y":388.0625},"p4":{"x":144.00000000000006,"y":540.9000000000002},"p5":{"x":152.00000000000006,"y":668.9000000000002},"p6":{"x":148.80000000000004,"y":788.9000000000003},"p7":{"x":152.00000000000006,"y":904.1000000000003},"p8":{"x":478.40000000000015,"y":321.7000000000001},"p9":{"x":488.00000000000017,"y":524.9000000000002},"p10":{"x":499.20000000000016,"y":692.9000000000002},"p11":{"x":752.0000000000002,"y":161.70000000000005},"p12":{"x":776.0000000000002,"y":310.5000000000001},"p13":{"x":785.6000000000003,"y":465.70000000000016},"p14":{"x":1176.0000000000005,"y":190.50000000000006},"p15":{"x":1475.2000000000005,"y":201.70000000000007},"p16":{"x":1491.2000000000005,"y":500.90000000000015},"p17":{"x":1820.8000000000006,"y":214.50000000000009},"p18":{"x":1828.8000000000006,"y":392.10000000000014},"t1":{"x":318.4000000000001,"y":308.9000000000001},"t2":{"x":324.8000000000001,"y":592.1000000000003},"t3":{"x":609.6000000000003,"y":307.3000000000001},"t4":{"x":1009.6000000000004,"y":182.50000000000006},"t5":{"x":1332.8000000000004,"y":193.70000000000007},"t6":{"x":1641.6000000000006,"y":331.3000000000001},"t7":{"x":1320.0000000000005,"y":491.3000000000002},"t8":{"x":2185.600000000001,"y":507.3000000000002}}}